{
  "hash": "99d01045",
  "configHash": "3595060e",
  "lockfileHash": "16d4920d",
  "browserHash": "1ea6cf7f",
  "optimized": {
    "@angular/core": {
      "src": "../../../../../../node_modules/@angular/core/fesm2022/core.mjs",
      "file": "@angular_core.js",
      "fileHash": "66885c2a",
      "needsInterop": false
    },
    "@angular/platform-browser": {
      "src": "../../../../../../node_modules/@angular/platform-browser/fesm2022/platform-browser.mjs",
      "file": "@angular_platform-browser.js",
      "fileHash": "c7019ad2",
      "needsInterop": false
    },
    "@angular/router": {
      "src": "../../../../../../node_modules/@angular/router/fesm2022/router.mjs",
      "file": "@angular_router.js",
      "fileHash": "0a93f624",
      "needsInterop": false
    }
  },
  "chunks": {
    "chunk-JNHQQUZB": {
      "file": "chunk-JNHQQUZB.js"
    },
    "chunk-YXYHJZHY": {
      "file": "chunk-YXYHJZHY.js"
    }
  }
}